model,f1_macro_mean,f1_macro_std
TFIDF_LogisticRegression,0.7299823633156967,0.09222181579171129
TFIDF_LinearSVM,0.7085537918871253,0.12244959521529242
