model,f1_macro_mean,f1_macro_std
TFIDF_LogisticRegression,0.6375132275132275,0.10655990079602158
TFIDF_LinearSVM,0.6186243386243386,0.12177425406807746
